{
  "feature_cols": [
    "Open_price",
    "High_price",
    "Low_price",
    "Close_price",
    "Volume",
    "Quote_asset_volume",
    "Number_of_trades",
    "buy_base_volume",
    "buy_quote_volume"
  ],
  "label_col": "label",
  "classes": [
    0,
    1,
    2
  ],
  "scaler_mean": [
    18708.076710613732,
    18764.112836968063,
    18649.925036308618,
    18708.31122127916,
    523.609970601888,
    11341980.998043638,
    8126.297762792887,
    260.68803794332433,
    5605231.919276036
  ],
  "scaler_scale": [
    17667.078662356947,
    17718.39460955085,
    17614.310695680073,
    17667.178244072697,
    624.1771444052885,
    19517450.186129328,
    10190.914850621399,
    308.72568123890204,
    9673729.110073185
  ],
  "window": 96
}