{
  "feature_cols": [
    "Open_price",
    "High_price",
    "Low_price",
    "Close_price",
    "Volume",
    "Quote_asset_volume",
    "Number_of_trades",
    "buy_base_volume",
    "buy_quote_volume"
  ],
  "label_col": "label",
  "classes": [
    0,
    1,
    2
  ],
  "scaler_mean": [
    24626.829376322607,
    24659.809826721474,
    24592.720780101634,
    24627.089193535747,
    1488.9714728284057,
    32635499.61082673,
    35907.82520607989,
    739.4035270177337,
    16199579.354077686
  ],
  "scaler_scale": [
    4584.551403044776,
    4587.559271768736,
    4580.8529834655155,
    4584.511318763926,
    2062.177225301284,
    44787039.539074674,
    42870.357875593756,
    1032.3882392438582,
    22475389.60535874
  ],
  "window": 96
}