{
  "feature_cols": [
    "Open_price",
    "High_price",
    "Low_price",
    "Close_price",
    "Volume",
    "Quote_asset_volume",
    "Number_of_trades",
    "buy_base_volume",
    "buy_quote_volume",
    "MACD_DIF",
    "MACD_DEA",
    "MACD"
  ],
  "label_col": "label",
  "classes": [
    0,
    1,
    2
  ],
  "scaler_mean": [
    18710.61887497339,
    18766.66259417735,
    18652.461455307133,
    18710.8538776114,
    523.6845155102833,
    11343845.702206653,
    8127.56165020385,
    260.7252297464144,
    5606180.2712834915,
    1.7913041507787362,
    1.7906428298272619,
    0.0013226277966990622
  ],
  "scaler_scale": [
    17667.74293602513,
    17719.062474551487,
    17614.97387129601,
    17667.844088048398,
    624.190818039093,
    19518580.58464241,
    10191.222036947389,
    308.7341924013059,
    9674414.70488715,
    119.49839714509592,
    112.37046263496826,
    72.70780349969199
  ],
  "window": 120
}