true_pct,precision,recall,f1-score,support
0.3483355525965379,0.3076923076923077,0.0015290519877675841,0.0030429821224800305,2616.0
0.23834886817576564,0.40233236151603496,0.07709497206703911,0.12939521800281295,1790.0
0.4133155792276964,0.4220016773832821,0.9726159793814433,0.5886137648664457,3104.0
