{
  "feature_cols": [
    "Open_price",
    "High_price",
    "Low_price",
    "Close_price",
    "Volume",
    "Quote_asset_volume",
    "Number_of_trades",
    "buy_base_volume",
    "buy_quote_volume"
  ],
  "label_col": "label",
  "classes": [
    0,
    1,
    2
  ],
  "scaler_mean": [
    24629.759799730527,
    24662.742077470775,
    24595.65175925348,
    24630.021902981454,
    1488.3377514902159,
    32626274.402650986,
    35896.81294285714,
    739.0881149604697,
    16194970.9401711
  ],
  "scaler_scale": [
    4584.247865850535,
    4587.25094369384,
    4580.547933036624,
    4584.204178650707,
    2062.522897421909,
    44799314.89045078,
    42881.64144064639,
    1032.5719274393348,
    22481733.933988135
  ],
  "window": 152
}