{
  "feature_cols": [
    "Open_price",
    "High_price",
    "Low_price",
    "Close_price",
    "Volume",
    "Quote_asset_volume",
    "Number_of_trades",
    "buy_base_volume",
    "buy_quote_volume"
  ],
  "label_col": "label",
  "classes": [
    0,
    1,
    2
  ],
  "scaler_mean": [
    24622.12577194775,
    24655.101084430236,
    24588.02493448406,
    24622.382886970812,
    1489.1653821858085,
    32634347.76836502,
    35911.65302227539,
    739.5192513311349,
    16199412.861179357
  ],
  "scaler_scale": [
    4584.920889705551,
    4587.938438587931,
    4581.209998690014,
    4584.87779956899,
    2060.80940412105,
    44754296.16687602,
    42839.888810126715,
    1031.7109596448959,
    22459091.182076454
  ]
}